<?xml version="1.0" encoding="UTF-8"?>
<actions>
    <action>
        <actionName>CUSTOM-clean package</actionName>
        <displayName>clean package</displayName>
        <goals>
            <goal>clean</goal>
            <goal>package</goal>
        </goals>
    </action>
    <action>
        <actionName>CUSTOM-install</actionName>
        <displayName>install</displayName>
        <goals>
            <goal>clean</goal>
            <goal>install</goal>
        </goals>
    </action>
</actions>
