<assembly xmlns="http://maven.apache.org/plugins/maven-assemblyplugin/
assembly/1.1.2" xmlns:xsi="http://www.w3.org/2001/XMLSchemainstance"
          xsi:schemaLocation="http://maven.apache.org/plugins/maven-assemblyplugin/
assembly/1.1.2 http://maven.apache.org/xsd/assembly-1.1.2.xsd">
    <id>${project.artifactId}</id>
    <files>
        <file>
            <source>target/${project.build.finalName}.jar</source>
            <outputDirectory>/</outputDirectory>
        </file>
        <file>
            <source>src/main/resources/docker-config.yml</source>
            <outputDirectory>/</outputDirectory>
        </file>
    </files>
</assembly>